<?xml version="1.0" encoding="UTF-8"?>
<!DOCTYPE hibernate-configuration PUBLIC
        "-//Hibernate/Hibernate Configuration DTD 3.0//EN"
        "http://www.hibernate.org/dtd/hibernate-configuration-3.0.dtd">
<hibernate-configuration>      
  <session-factory>
    <!-- Database connection settings -->
    <property name="connection.driver_class">com.mysql.jdbc.Driver</property>
    <property name="connection.url">jdbc:mysql://localhost:3306/db_hibernatetask</property>
    <property name="connection.username">root</property>
    <property name="connection.password"></property>
    <property name="show_sql">true</property>
    <property name="hibernate.dialect">org.hibernate.dialect.MySQL5Dialect</property>   
<property name="hibernate.hbm2ddl.auto">update</property>
<!-- this will show us all sql statements, if set to true -->
<property name="hibernate.show_sql">true</property>
    
  </session-factory>
</hibernate-configuration>