<?xml version = "1.0" encoding = "utf-8"?>
<!DOCTYPE hibernate-mapping PUBLIC 
"-//Hibernate/Hibernate Mapping DTD//EN"
"http://www.hibernate.org/dtd/hibernate-mapping-3.0.dtd"> 

<hibernate-mapping>
   <class name = "Person" table = "person">
      
      <meta attribute = "class-description">
         This class contains the employee detail. 
      </meta>
      
      <id name = "id" type = "int" column = "id">
         <generator class="native"/>
      </id>
      
      <property name = "name" column = "name" type = "string"/>
      <property name = "address" column = "address" type = "string"/>
 		<property name = "dob" column = "dob" type = "date"/>
      <property name = "gender" column = "gender" type = "string"/>
      
   </class>
	
</hibernate-mapping>